query,clicks,impressions,position,ctr_pct
قهوجيين,9,3268,7.26,0.28
صبابين قهوة,12,1038,3.16,1.16
قهوجي مكه,0,811,8.75,0.0
قهوجيين وصبابين,0,704,11.38,0.0
الضيافه,1,450,7.74,0.22
ضيافه,3,431,10.67,0.7
ضيافة,4,382,9.62,1.05
تعليقات حول قصاب الطائف,0,356,7.06,0.0
قهوجي الطائف,7,334,6.28,2.1
ضيافة للمناسبات,9,268,7.84,3.36
صبابين قهوة بجدة,5,242,5.46,2.07
قهوجي مكة,1,194,10.48,0.52
قهوجي الطايف,1,192,5.38,0.52
صبابين قهوة جدة,7,192,6.26,3.65
قهوجيين وصبابين الدمام,0,166,13.41,0.0
مباشرين,3,159,10.2,1.89
قهوجية ومباشرين في جدة,0,145,4.15,0.0
مناسبات,1,144,7.68,0.69
صباب قهوة,0,140,8.04,0.0
صبابين قهوه الرياض,3,136,4.53,2.21
صبابين قهوة رجال,0,132,7.85,0.0
كيف الضيافة,38,124,2.04,30.65
ضيافة الفنار أبها,0,120,5.93,0.0
صبابات قهوة,0,117,8.1,0.0
صبابين زمزم,1,112,7.79,0.89
ضيافة مناسبات,1,106,15.57,0.94
صبابين قهوة بالرياض,2,104,4.33,1.92
مباشرين قهوة جدة,0,101,11.65,0.0
صبابات قهوة جدة,1,100,6.48,1.0
خدمة ضيافة,0,99,15.38,0.0
صبابين,3,97,4.68,3.09
ضيافة للمناسبات جدة,4,92,5.5,4.35
صبابين قهوه,0,89,4.88,0.0
ضيوف الضيافه,0,89,12.1,0.0
قهوجي الدمام,1,88,7.29,1.14
سيرفس قهوه,0,87,8.91,0.0
قهوجيات جدة,0,87,9.62,0.0
كيف الضيافه,29,85,2.14,34.12
ضيف المناسبات,1,82,3.58,1.22
قهوة الضيافة,0,82,9.5,0.0
قهوجيين جدة,2,78,4.72,2.56
تقديم الضيافة,0,77,31.58,0.0
ضيافة للمناسبات الرياض,4,76,5.27,5.26
قهوجيات الرياض,0,74,18.11,0.0
المضياف للضيافه وتنظيم الحفلات الطائف,0,72,8.28,0.0
قهوجي ابها,3,69,4.85,4.35
صبابين قهوة الرياض,0,67,4.42,0.0
مباشرات ضيافة جدة,2,67,7.27,2.99
ركن الضيافه الطائف,0,63,7.25,0.0
صبابات قهوة الرياض,3,63,6.16,4.76
الضيافة,0,63,9.28,0.0
قيمات للمناسبات,0,61,18.38,0.0
خدمة الضيافة للمناسبات,0,58,7.72,0.0
ضيافة قهوة,2,58,8.04,3.45
ضيافة الرياض,1,56,9.03,1.79
قهوجي المدينة,0,53,5.28,0.0
قهوجيين الدمام,0,51,3.9,0.0
مباشرين قهوة,0,49,8.1,0.0
خدمات ضيافة,2,47,16.43,4.26
ضيافات جدة,2,45,6.26,4.44
خدمات الضيافة في الرياض,0,43,23.46,0.0
ضيافة اعراس,1,42,8.02,2.38
تقديمات ضيافة قهوة,0,42,7.44,0.0
qahwa جدة,0,42,8.74,0.0
تأجير عربات ضيافة مع عاملات للمناسبات بالرياض توصيل فوري,0,41,19.88,0.0
ضيافة جدة,0,41,8.71,0.0
قهوة العربيه ابها,0,39,7.18,0.0
ضيافة ابها,2,38,4.76,5.26
خدمة ضيافه,0,36,21.85,0.0
صبابين القهوة,0,36,8.08,0.0
صبابات الرياض,0,35,7.56,0.0
ضيافة حفلات,0,35,11.66,0.0
ضيافة زواجات جدة,4,34,5.84,11.76
صبابين ضيافة الرياض,0,34,3.34,0.0
مباشرات ضيافة مكة,0,33,7.8,0.0
الضيافة للمناسبات,0,33,6.02,0.0
قهوة الضيافه,0,32,9.38,0.0
ضيوف الضيافة ينبع,0,31,9.17,0.0
ضيافة رجالية,0,31,14.0,0.0
كيف,0,31,12.0,0.0
ضيافة الاعراس,0,31,7.14,0.0
صباب قهوه,0,30,6.94,0.0
قهوجيين جده,0,30,3.67,0.0
ضايفه,0,29,16.99,0.0
تقديمات ضيافة الدمام,0,28,2.86,0.0
مباشرات قهوة بجدة,0,28,6.16,0.0
للضيافة والمناسبات,0,28,11.3,0.0
خدمة ضيافة نسائية,0,28,25.12,0.0
قهوجي الرياض,0,27,54.11,0.0
بضيافة,0,27,8.29,0.0
ظيافه,0,27,9.7,0.0
كيفا ابها,0,26,6.62,0.0
للمناسبات,2,26,6.67,7.69
صبابة قهوة,0,26,7.54,0.0
ركن ضيافة للمناسبات,0,24,5.85,0.0
ضيافه ابها,1,23,5.09,4.35
قهوه الضيافه,0,23,9.84,0.0
مضيفات مناسبات,0,23,11.08,0.0
ضيافة الافراح,0,22,10.22,0.0
صبابه الرياض,0,22,5.54,0.0
صبابة قهوة الرياض,0,22,4.52,0.0
قهوجي شرق الرياض,0,22,46.43,0.0
خدمات الضيافة,0,22,16.98,0.0
خدمه ضيافه,0,21,13.2,0.0
دلة وكيف ينبع,0,21,7.78,0.0
ضيافة القهوة,0,21,17.68,0.0
صبابين وقهوجيين,1,21,11.2,4.76
صبابه قهوه,0,21,6.47,0.0
ضيافة الدمام,5,20,5.11,25.0
صبابات جدة,1,20,6.86,5.0
المناسبات,0,20,7.86,0.0
ضيافة مناسبات جدة,1,20,5.29,5.0
خدمة ضيافة رجالي,0,20,12.19,0.0
ضيافه نسائيه,0,19,14.49,0.0
استراحات القهوة في المناسبات الرسمية,0,19,26.16,0.0
ضيافه قهوه,0,19,5.93,0.0
تقديمات قهوه,0,19,12.46,0.0
قهوه ينبع,0,19,6.82,0.0
ضيافة عرس,0,19,6.82,0.0
خدمات الضيافة الرياض,0,19,39.78,0.0
كيف الضيافه الرس,0,19,4.88,0.0
للضيافة,1,19,15.62,5.26
الضيافة الفاخرة,0,18,12.34,0.0
قهوة الطائف,0,18,9.13,0.0
ضيافه الرياض,2,18,4.98,11.11
خدمة ضيافة رجال,0,18,19.45,0.0
ضيف الضيافه,0,18,7.64,0.0
في ضيافة,0,17,13.19,0.0
شركات ضيافة في الرياض,1,17,15.21,5.88
قهوجي سعودي,0,17,7.46,0.0
قهوجيات الدمام,0,17,6.08,0.0
صبابات قهوه,0,16,6.3,0.0
عربة ضيافة للمناسبات والفعاليات | إيجار يومي,0,16,6.94,0.0
منطقة الكيف,0,16,8.9,0.0
ضيافة ان,0,16,11.0,0.0
خدمات تقديم الطعام للمناسبات,0,16,37.44,0.0
جحيح الدمام,0,16,8.56,0.0
قهوجيه,0,16,39.39,0.0
خدمات الضيافة للاعراس,0,15,6.95,0.0
الضيافة السعودية,0,15,16.47,0.0
قهوة ينبع,0,15,8.65,0.0
الصيافة,0,15,9.16,0.0
قهوجي وصبابين,0,15,87.25,0.0
ضيافه الدمام,0,14,4.79,0.0
محفل القهوة,0,14,11.12,0.0
تأجير كوفي كارت مع عاملات vip للحفلات الفاخرة,0,14,22.64,0.0
ضيافة مكة,0,14,7.82,0.0
مجمع الضيافة,0,13,34.88,0.0
قهوه ضيافه,0,13,8.24,0.0
قهوجيات مكة,0,13,4.38,0.0
محفل القهوه,0,13,10.54,0.0
تأجير عربات ضيافة مع عاملات للمناسبات,0,13,41.5,0.0
قهوة ابها,0,13,10.75,0.0
ظيافة,0,13,6.94,0.0
ضيافه اعراس,0,12,8.69,0.0
ضيافة قهوة سعودية,1,12,7.08,8.33
صبابات,0,12,8.47,0.0
صبابين قهوة الدمام,1,12,8.0,8.33
صبابين القهوه,0,11,9.65,0.0
ضيافة ضيف,0,11,8.98,0.0
قهوجي جدة,0,11,6.15,0.0
الظيافه,0,11,6.81,0.0
قهوة مكة,0,10,10.31,0.0
تأجير صناديق هدايا وضيافة وتوزيعات الرياض,0,10,6.8,0.0
قهوجيين وصبابين بالرياض,0,10,52.98,0.0
ضيافة الطائف,1,10,4.25,10.0
قهوجيين وصبابين جدة,0,10,74.06,0.0
في ضيافه,0,10,4.71,0.0
صباب القهوة,0,10,7.54,0.0
سفرة قهوه للضيوف,0,10,21.5,0.0
ضيافة قهوة وشاي,0,10,11.81,0.0
تأجير عربات ضيافة للمناسبات الفاخرة,0,9,5.67,0.0
تقديم القهوه,0,9,55.72,0.0
قهوجي شمال الرياض,0,9,40.0,0.0
تأجير عربات ضيافة مع عاملات وتوصيل سريع,0,9,66.84,0.0
ضيافة جده,1,8,5.6,12.5
صيافه,0,8,6.88,0.0
ضيافه جده,1,8,7.0,12.5
شركات الضيافة في الرياض,0,8,21.16,0.0
ضيافة وتقديمات الرياض,1,8,6.25,12.5
مناسبات الطايف,0,8,4.78,0.0
الضيافة والفعاليات,0,8,3.75,0.0
ضيافة ابها وخميس مشيط,0,8,9.12,0.0
محل مناسبات,0,8,3.25,0.0
مباشرات قهوه,0,7,14.16,0.0
الضيافه ابها,0,7,5.57,0.0
مشروع ضيافة مناسبات,0,7,8.9,0.0
منفرد الصفا,0,7,7.71,0.0
مباشرين قهوة في المدينة,0,7,5.71,0.0
صبابين قهوجيين الدمام,0,7,7.29,0.0
مقهى لتقديم المشروبات,0,7,52.35,0.0
رقم ركن الضيافة في المدينة المنورة,0,7,7.0,0.0
ضيافة ينبع,1,7,3.04,14.29
ضيافة الشرقية,0,7,6.29,0.0
بضيافه,0,7,6.54,0.0
قهوجيين الرياض,0,7,7.57,0.0
برنامج ضيافة,0,7,50.29,0.0
قهوجيين وصبابين قهوه,0,7,7.96,0.0
قهوة الطايف,0,7,9.0,0.0
ضيافتي الدمام,0,7,6.43,0.0
ضيافة الفعاليات والحفلات بجدة,0,7,3.62,0.0
شركة ضيافة للمناسبات,0,6,5.8,0.0
الصيافه,0,6,7.75,0.0
ضيافة سعودية,0,6,8.75,0.0
ضيافة فاخرة,0,6,9.75,0.0
ضيافة قهوة استقبال,0,6,6.75,0.0
قهوجي,0,6,17.3,0.0
تنسيق حفلات ينبع,0,6,8.2,0.0
كوفي الضيافه,0,6,8.6,0.0
قهوه ابها,0,6,11.4,0.0
شركة مشاريع الضيافة,0,6,43.0,0.0
ضيافة زواجات الرياض,1,6,9.33,16.67
صباب قهوة عربية,0,6,4.0,0.0
ضيافة وتقديمات جدة,0,6,3.33,0.0
سحابة القهوة,0,6,17.17,0.0
ضيافة المدينة المنورة,0,6,10.5,0.0
صيافة,0,6,6.67,0.0
محلات ضيافة في جدة,0,5,15.84,0.0
الضيافة مول مكة ساعات العمل اليوم 2026,0,5,11.0,0.0
محل ضيافة,0,5,16.12,0.0
كىف,0,5,8.8,0.0
الضايفه,0,5,6.62,0.0
مشروبات ضيافة,0,5,9.88,0.0
قهوة المدينة المنورة,0,5,10.5,0.0
عاملات ضيافة,0,5,42.92,0.0
رقم الضيافه,0,5,7.8,0.0
ضيافة فرح,0,5,9.25,0.0
ضيافة القهوة السعودية,1,5,1.6,20.0
ضيافة رجال,0,5,21.6,0.0
مطعم الضيافة,0,5,8.4,0.0
مناسباتكم,0,5,7.6,0.0
الضيافه الفاخره حائل,0,4,13.0,0.0
arabic coffee service,0,4,80.0,0.0
catering for weddings in jeddah,0,4,67.0,0.0
كل المناسبات,0,4,8.66,0.0
ضيافة الخبر,1,4,4.75,25.0
شركات خدمات الضيافة,0,4,30.25,0.0
صبابين قهوه بجده,0,4,10.5,0.0
ضيافة ليالي ابها,0,4,9.0,0.0
ضيافة مشروبات,0,4,13.16,0.0
ضيافة الشاي,0,4,29.34,0.0
مناسابات,0,4,9.75,0.0
محل حفلات قريب مني,0,4,8.34,0.0
وقت الضيافة,0,4,7.25,0.0
شركات الضيافة في السعودية,0,4,20.34,0.0
خدمة ضيافة شاي وقهوه,0,4,7.25,0.0
ضيافه ان,0,4,10.75,0.0
عاملات ضيافة الدمام,0,4,6.34,0.0
عاملات خدمة ضيافه,0,4,39.75,0.0
قهوجية جدة,0,4,7.25,0.0
خدمات ضيافه,0,4,5.75,0.0
ضيافة نجاح,0,4,9.5,0.0
محلات ضيافة,0,4,13.75,0.0
نعم,0,4,5.16,0.0
كيف العرب,0,4,23.25,0.0
ضايفة,0,3,7.0,0.0
قهوه مكه,0,3,10.25,0.0
صبابين في الرياض,0,3,5.0,0.0
ضيافة مميزة,0,3,28.67,0.0
فخامة الكيف تبوك,0,3,7.33,0.0
الضيافة مطعم,0,3,5.0,0.0
ليالي الكيف ينبع,0,3,9.0,0.0
الظيافة,0,3,10.75,0.0
وصاف للمناسبات,0,3,17.33,0.0
للضيافه,0,3,10.25,0.0
للمناسبات والافراح,0,3,9.67,0.0
فن الضيافة,0,3,30.0,0.0
صباب مباشر,0,3,49.25,0.0
خدمة الضيافة,0,3,5.75,0.0
قهوة مكه,0,3,11.67,0.0
قهوجي في جدة,0,3,57.25,0.0
صبابين قهوة في الرياض,1,3,4.67,33.33
ضيافة عنوه,0,3,9.25,0.0
ضيافة عربية,0,3,22.0,0.0
ضيافة المدينة,0,3,8.0,0.0
شركة اعداد اوبن بوفية للمناسبات في السعودية,0,3,36.33,0.0
تجهيز حفلات الدمام,0,3,5.0,0.0
منسابات,0,3,5.25,0.0
ضيافة الشرقيه,0,3,5.33,0.0
اعراس الرياض,0,3,8.67,0.0
ضيافة العرس,0,3,7.0,0.0
ضيافة الطايف,0,3,6.5,0.0
keif,0,3,8.33,0.0
الرياض,0,3,9.0,0.0
كوفي الضيافة,0,3,18.33,0.0
زواج,0,3,3.0,0.0
صباب القهوه,0,3,7.33,0.0
ضيافه مكه,0,3,6.67,0.0
قهوجي في جده,0,3,8.25,0.0
قهوجية,0,3,10.67,0.0
قهوة ضيافة,0,3,9.0,0.0
ضيافة_زواجات جدة,0,3,4.33,0.0
ضيافه المدينه,0,3,10.0,0.0
تجهيزات اعراس,1,2,5.0,50.0
ضيافة استقبال,0,2,3.5,0.0
شركة الضيافة السعودية,0,2,28.0,0.0
شركات تقديم الضيافة,0,2,6.0,0.0
"""ينبع النخل"" -site:reddit.com -site:twitter.com -site:x.com -site:wykop.pl -site:tripadvisor.com -site:youtube.com -site:yelp.com -site:booking.com -site:facebook.com -site:instagram.com -site:tiktok.com",0,2,2.5,0.0
مناسباتنا,0,2,7.5,0.0
"""الضيافة مول"" مكة ساعات العمل",0,2,9.5,0.0
مطعم الضيافه,0,2,5.0,0.0
مطعم الضيافة ينبع,0,2,11.0,0.0
اسعار صبابات القهوة,0,2,4.0,0.0
افكار ضيافة,0,2,50.0,0.0
catering for events in jeddah,0,2,72.5,0.0
كم اسعارهم,0,2,2.0,0.0
ضيافة الفيحاء,0,2,25.0,0.0
مضيفات,0,2,4.0,0.0
منسبات,0,2,7.0,0.0
تجهيز مناسبات,0,2,7.5,0.0
تأجير عربات مناسبات مع عاملات + توصيل + تجهيز كامل,0,2,1.5,0.0
تشطيب مشاريع ضيافة,0,2,37.5,0.0
تأجير عربة قهوة مع عاملات الرياض حفلات,0,2,59.0,0.0
قهوجيه ومباشربن في جده,0,2,7.0,0.0
قهوجيين بالرياض,0,2,8.5,0.0
قهوه في مكه,0,2,10.0,0.0
ضيافة مكه,0,2,3.5,0.0
ضيافات الرياض,0,2,10.0,0.0
ضيافه راقيه,0,2,11.0,0.0
صبابات الدمام,0,2,12.0,0.0
عاملات ضيافة جدة,0,2,10.0,0.0
طقاقات المدينة المنورة واسعارها,0,2,9.0,0.0
تنسيق حفلات,2,2,34.0,100.0
ضيف وكيف,0,2,24.5,0.0
ضيافة شاي وقهوه,0,2,11.0,0.0
ضيافة شاي,0,2,30.5,0.0
ضيافة زواجات,0,2,27.0,0.0
ضيافة رحابة,0,2,8.0,0.0
ضيافة النوايف,0,2,9.0,0.0
تقديمات الفيصلية الدمام,0,2,14.5,0.0
تقديمات قهوة,0,2,6.0,0.0
ضيافة خميس مشيط,0,2,8.0,0.0
صبابين الرياض,0,2,3.0,0.0
كيف السعودي,0,2,28.0,0.0
الضيافة المميزة,0,2,30.5,0.0
الضيافة مول مكة أوقات الدوام الموقع الرسمي,0,2,10.0,0.0
سقفه ابها,0,2,17.0,0.0
ستايل كافيه,0,2,29.5,0.0
ديوانية قهوة,0,2,1.0,0.0
قاعة المضياف المدينة المنورة,0,2,27.0,0.0
مطعم ضيافة,0,2,6.0,0.0
لبس صبابات قهوة,0,2,9.5,0.0
كوفي حفلات,0,2,33.0,0.0
مساحة مناسبات,0,2,19.5,0.0
لوازم افراح,0,2,1.0,0.0
مشروب الضيافه,0,2,10.5,0.0
مباشرات,0,2,11.5,0.0
"""ينبع البحر"" -site:reddit.com -site:twitter.com -site:x.com -site:wykop.pl -site:tripadvisor.com -site:youtube.com -site:yelp.com -site:booking.com -site:facebook.com -site:instagram.com -site:tiktok.com",0,2,5.5,0.0
‏كيف,0,1,23.0,0.0
الضيوف,0,1,83.0,0.0
الطايف,0,1,1.0,0.0
القرافي ينبع,0,1,19.0,0.0
الكايف,0,1,43.0,0.0
الكيف ابها,0,1,7.0,0.0
الكيف السعودي,0,1,6.0,0.0
مجمع الضيافة الصور,0,1,36.0,0.0
مجمع ضيافة,0,1,21.0,0.0
محل الضيافة,0,1,11.0,0.0
محل الضيافه,0,1,24.0,0.0
محل ضيافه,0,1,10.0,0.0
محل قهوة عربية قريب مني,0,1,39.0,0.0
محل قهوه عربيه قريب من موقعي,0,1,1.0,0.0
مستلزمات حفلات الدمام,0,1,7.0,0.0
مشروبات للضيافه,0,1,12.0,0.0
نكهة الضيافة,0,1,15.0,0.0
هدايا مناسبات,0,1,1.0,0.0
وش آداب الضيافة السعودية؟,0,1,23.0,0.0
وكم اسعارهم,0,1,3.0,0.0
مطعم الضيافه الرياض,0,1,35.0,0.0
كم الاسعار,0,1,1.0,0.0
كم سعرها,0,1,3.0,0.0
كوبايه,0,1,8.0,0.0
كوفي صحاب,0,1,36.0,0.0
كوفي مثاب,0,1,17.0,0.0
كوفي ملعقه الضيافه,0,1,20.0,0.0
كيف السعودية,0,1,29.0,0.0
كيف في,0,1,5.0,0.0
لحفله,1,1,1.0,100.0
للرجال,0,1,5.0,0.0
الضيافة الملكية,0,1,19.0,0.0
الضيافة مول مكة,0,1,12.0,0.0
الضيافة مول مكة ساعات العمل,0,1,11.0,0.0
الضيافة مول مكة ساعات العمل 2026,0,1,12.0,0.0
الضيافة مول مكة ساعات العمل الأحد,0,1,11.0,0.0
الضيافة مول مكة ساعات العمل اليوم,0,1,8.0,0.0
الضيافة مول مكة ساعات العمل اليوم 20 يوليو 2026,0,1,11.0,0.0
الضيافة مول مكة مواعيد العمل اليوم 2026,0,1,11.0,0.0
الضيافة مول مكة يفتح اليوم 2026,0,1,11.0,0.0
ابغى حساباتهم,0,1,2.0,0.0
فن التقديم والضيافة,0,1,44.0,0.0
فن التقديم والضيافة الرياض,0,1,24.0,0.0
فن التقديم والضيافه,0,1,45.0,0.0
فندق ضيافة ابها,0,1,1.0,0.0
في الرياض,0,1,9.0,0.0
في الرياض؟,0,1,1.0,0.0
في الشرقية,0,1,6.0,0.0
فيس تو فيس ينبع,0,1,24.0,0.0
قاعة الضيافة الطائف,0,1,13.0,0.0
قاعة الضيافه الطائف,0,1,8.0,0.0
قايا للضيافة,0,1,9.0,0.0
قصاب الطائف,0,1,21.0,0.0
خدمة شاي وقهوه,0,1,7.0,0.0
دلع الضيافة,0,1,12.0,0.0
ديوانية الضيافة,0,1,1.0,0.0
ديوانية قريبه مني,0,1,1.0,0.0
رجالي,0,1,10.0,0.0
ركن الضيافة المدينة,0,1,8.0,0.0
ركن ضيافة,0,1,6.0,0.0
ستيشن,0,1,4.0,0.0
سيرفس القهوه,0,1,3.0,0.0
سيرفس قهوة,0,1,9.0,0.0
شركات الضيافة,0,1,28.0,0.0
شوبارتي الدمام,0,1,27.0,0.0
صادق كافيه,0,1,45.0,0.0
صبابه جده,0,1,11.0,0.0
ضيافه الشرقيه,0,1,6.0,0.0
ضيافه الطايف,0,1,11.0,0.0
ضيافه المناخ,0,1,11.0,0.0
ضيافه جدة,0,1,7.0,0.0
ضيافه رجال,0,1,24.0,0.0
ضيافه رخيصه,0,1,7.0,0.0
ضيافه شاي,0,1,43.0,0.0
ضيافه مشروبات,0,1,8.0,0.0
ضيافه مكة,0,1,7.0,0.0
ضيفة,0,1,60.0,0.0
ضیافه,1,1,6.0,100.0
طيب,0,1,6.0,0.0
عطني ارقامهم,0,1,2.0,0.0
عندي زواج,0,1,15.0,0.0
فالطايف,0,1,6.0,0.0
قهوة المجلس,0,1,4.0,0.0
قهوة المدينه,0,1,10.0,0.0
قهوجي المحمدية جدة,0,1,19.0,0.0
قهوجي في الرياض,0,1,39.0,0.0
قهوجي وصبابين الرياض,0,1,124.0,0.0
قهوجيات,0,1,31.0,0.0
تغليف هدايا,0,1,1.0,0.0
تقديم القهوة,0,1,61.0,0.0
تقديمات جدة,0,1,8.0,0.0
تنظيم فعاليات,0,1,9.0,0.0
جلسة كيف,0,1,35.0,0.0
جولدن أبها المضياف,0,1,40.0,0.0
حاضرين للطيبين,0,1,34.0,0.0
حجز عربات مناسبات مع عاملات اونلاين,0,1,1.0,0.0
حفل زفاف,0,1,2.0,0.0
حفلات ابها,0,1,4.0,0.0
حفلات المدينة المنورة,0,1,11.0,0.0
حلويات للضيافة,0,1,28.0,0.0
قهوجين,0,1,37.0,0.0
قهوجين وصبابين الرياض,0,1,39.0,0.0
قهوجيه الرياض,0,1,25.0,0.0
ضيافة ايفنت,0,1,10.0,0.0
ضيافة جازان,0,1,15.0,0.0
ضيافة قهوة عربية,0,1,1.0,0.0
صبابين ومضيفين,0,1,3.0,0.0
صياغ كوفي,0,1,37.0,0.0
ضيافات,0,1,10.0,0.0
ضيافات رتيل,0,1,5.0,0.0
ضيافة #مناسبات,0,1,7.0,0.0
شركة مناسبات لخدمات الافراح,0,1,10.0,0.0
قهوجيين صبابين,0,1,5.0,0.0
قهوجيين وصبابين الرياض,0,1,70.0,0.0
قهوجيين وصبابين في الرياض,0,1,67.0,0.0
قهوه الطايف,0,1,9.0,0.0
المباشرات,0,1,1.0,0.0
المختصة,0,1,5.0,0.0
اماكن تواجدها,0,1,1.0,0.0
ايجار طاولات وكراسي جدة,0,1,1.0,0.0
باسعار مناسبه,0,1,12.0,0.0
بالرياض,0,1,2.0,0.0
بوفيه الكيف,0,1,13.0,0.0
تأجير طاولات مناسبات,0,1,1.0,0.0
تأجير عربات مناسبات vip,0,1,1.0,0.0
تأجير عربات مناسبات فورية,0,1,1.0,0.0
تأجير كوفي كارت فاخر للمناسبات,0,1,30.0,0.0
تجهيز اعراس,0,1,12.0,0.0
تجهيز حفلات جدة,0,1,9.0,0.0
تحالف القهوة,0,1,59.0,0.0
ترشيح شركات,0,1,3.0,0.0
كبسة الضيافة,0,1,14.0,0.0
كتب كتاب,0,1,4.0,0.0
كفيهات الهدا,0,1,1.0,0.0
کلاب,0,1,43.0,0.0
مطعم ضيوف الضيافة ينبع,0,1,9.0,0.0
مطعم مناسبات,0,1,1.0,0.0
مطعم مناسبات الدمام,0,1,8.0,0.0
معجنات للمناسبات في جدة,1,1,6.0,100.0
معرض القهوة الرياض,0,1,41.0,0.0
مقهى الضيافة,0,1,2.0,0.0
مقهى الضيافه,0,1,7.0,0.0
مكة,0,1,5.0,0.0
مناسبات الرياض,0,1,10.0,0.0
مناسبات حديثة في المدينة المنورة,0,1,10.0,0.0
مناسباتي,0,1,1.0,0.0
مناسبة,0,1,13.0,0.0
منسق حفلات ضيافة,0,1,5.0,0.0
ضيافة الساعاتي,0,1,9.0,0.0
ضيافة السلطانة,0,1,11.0,0.0
ضيافة المجلس,0,1,12.0,0.0
ضيافة المدينه,0,1,5.0,0.0
ضيافة المناخ,0,1,13.0,0.0
i meant camping,0,1,6.0,0.0
wedding catering jeddah,0,1,66.0,0.0
أفضل مشروبات للأعراس والحفلات في الخليج,0,1,3.0,0.0
"""ينبع الصناعية"" -site:reddit.com -site:twitter.com -site:x.com -site:wykop.pl -site:tripadvisor.com -site:youtube.com -site:yelp.com -site:booking.com -site:facebook.com -site:instagram.com -site:tiktok.com",0,1,3.0,0.0
ابها,1,1,3.0,100.0
ابو عيه,0,1,2.0,0.0
ارقام التواصل,0,1,7.0,0.0
ارقم,0,1,2.0,0.0
استراحة الضيافة للمناسبات,0,1,1.0,0.0
استراحة قريب من موقعي,0,1,1.0,0.0
استقبال ضيافة رجال,0,1,31.0,0.0
استقبال ضيوف,0,1,10.0,0.0
استمارة تسجيل شركاء قطاع الضيافة,0,1,46.0,0.0
اسرار الضيافة,0,1,17.0,0.0
اعطيني رابط موقع,0,1,3.0,0.0
اقرب ديوانيه قهوه عربيه,0,1,1.0,0.0
الصبّاب -filetype:pdf -filetype:zip -filetype:doc -filetype:xls,0,1,71.0,0.0
مطعم الضيافة صبيا,0,1,17.0,0.0
مطعم الضيافه احد المسارحه,0,1,29.0,0.0
الضيافه المميزه,0,1,21.0,0.0
الضيافه جازان,0,1,23.0,0.0
