searchTermView.searchTerm,clicks,impressions,cost_sar,conversions
قهوجيين,55,123,385.5,42.6
قهوجيين وصبابين جدة,34,181,231.0,18.5
قهوجيين جده,11,25,64.1,9.1
مباشرات ضيافة جدة,18,37,70.4,8.0
قهوجيات جدة,9,100,45.6,5.0
قهوجي,91,5002,154.1,4.7
صبابات قهوة جدة,16,56,69.7,4.0
قهوجي جدة,44,540,181.5,4.0
صبابين قهوة,31,258,104.1,3.3
خدمة الضيافة للمناسبات,4,8,29.1,3.0
قهوجية جدة,7,23,46.2,3.0
قهوجيين وصبابين في الرياض,4,3,18.6,3.0
صبابين قهوة بجدة,8,55,39.0,2.0
مباشرات جدة,2,7,8.5,2.0
قهوجيه في جدة,3,23,16.4,2.0
مباشرين قهوة,19,192,113.2,2.0
شركات ضيافه,2,2,8.0,2.0
تجهيز الحفلات,1,1,2.5,1.5
مباشرات في جدة,1,1,4.6,1.0
قهوجي جدة المرجان,1,10,2.2,1.0
مباشرات,3,21,6.3,1.0
event planning company,1,1,4.0,1.0
قهوجين,14,51,117.5,1.0
ضيافة رجال جدة,4,5,11.1,1.0
ضيافة زواجات جدة,4,13,10.6,1.0
ضيافة مناسبات,1,3,1.6,1.0
ضيافة قهوة سعودية,1,1,4.0,1.0
صبابات قهوه جده,1,3,2.2,1.0
صبابين رجال,1,1,8.4,1.0
صباب قهوة عربية,1,2,5.8,1.0
party planner jeddah,1,1,2.4,1.0
صبابات جدة,2,17,8.9,1.0
مباشرات قهوة بجدة,3,16,6.9,1.0
صبابين قهوة جدة,3,58,17.7,0.9
ضيافة رجال,1,7,4.6,0.5
مراسم الضيافة,1,2,3.2,0.5
قهوجيه,18,105,39.2,0.4
كيف الضيافة للأفراح والمناسبات,1,5,3.2,0.3
صبابين,1,2,3.3,0.3
jacksepticeye coffee,1,1,2.0,0.0
gahwaji قهوجي,1,14,0.1,0.0
coffee,2,9,4.0,0.0
catering services jeddah,2,7,6.2,0.0
black cup,1,1,21.6,0.0
catering jeddah,1,10,3.6,0.0
صبابات,1,9,8.2,0.0
خدمه ضيافه,1,2,3.0,0.0
رونق الضيافه,1,2,2.9,0.0
صبابين قهوه,1,6,36.3,0.0
صبابين وقهوجيين,1,2,22.4,0.0
ضيافات جدة,2,2,7.8,0.0
زفاف,1,3,2.9,0.0
شركة اعمار الضيافة,1,1,6.5,0.0
شركة ضيافة للمناسبات,2,1,4.7,0.0
صباب قهوة,4,17,23.8,0.0
صبابات قهوه,2,6,9.9,0.0
صبابات قهوة,1,7,17.2,0.0
تنظيم الحفلات الخاصة,1,1,1.3,0.0
حلويات ضيافة,1,1,4.6,0.0
تقديمات ضيافه,1,6,2.9,0.0
تجهيز حفلات ومناسبات,2,4,4.2,0.0
القهوه العربيه,1,5,1.0,0.0
تنسيق الحفلات والمناسبات,1,1,3.5,0.0
خدمات ضيافة,1,1,4.6,0.0
الدلة,1,3,1.6,0.0
اجهزة تحضير القهوة,1,1,2.5,0.0
sitio,1,1,3.1,0.0
اقرب قهوجي,1,32,0.1,0.0
اقرب قهوه عربي,1,1,1.3,0.0
الجوزاء للضيافة جدة,1,3,0.6,0.0
افضل كوفي يبيع ماتشا,1,1,37.7,0.0
قهوة سعودية,1,5,1.5,0.0
قهوة اسانتي مريم,1,1,20.0,0.0
قهوة,1,19,1.8,0.0
فن القهوة,1,2,5.4,0.0
عنوان القهوه,1,5,22.6,0.0
عنوان القهوة,2,17,7.9,0.0
عاملة ضيافة بالساعة,1,3,3.5,0.0
عاملة ضيافة,2,3,8.6,0.0
ضيافتنا غير,1,1,2.4,0.0
ضيافة للمناسبات جدة,2,21,5.1,0.0
ضيافة للمناسبات,6,17,19.0,0.0
ضيافة فرافلو,1,3,3.2,0.0
ضيافة رجالية,1,4,4.3,0.0
ضيافة,3,61,13.5,0.0
ضيافة جده,1,2,2.5,0.0
ضيافة جدة,4,17,9.5,0.0
صبابين القهوة,1,3,2.4,0.0
صبابين زمزم,7,25,15.0,0.0
صبابين قهوة في جدة,1,2,2.7,0.0
ضيافة افراح,1,1,4.1,0.0
قهوجي جده رجال قهوجيات نساء مباشرات ومباشرين,1,4,2.0,0.0
قهوجي جده الزهراء,1,5,16.0,0.0
قهوجي في جدة,31,364,124.9,0.0
قهوجي فرع الفيحاء,1,1,0.9,0.0
قهوجي كوفي الفيحاء,1,2,0.8,0.0
قهوجي في جده,2,26,5.4,0.0
قهوجي المحمدية جدة,2,30,1.9,0.0
قهوجى,1,6,1.9,0.0
قهوجي الرياض,1,6,2.7,0.0
قهوجي الفيحاء,24,194,195.2,0.0
قهوجي الفيحاء جدة,2,10,2.4,0.0
قهوة قهوجي,1,1,2.0,0.0
قهوجيين في جدة,1,2,0.8,0.0
قهوجيه جده,1,14,1.9,0.0
قهوجية ومباشرين في جدة,3,63,16.0,0.0
قهوجي وصبابين,10,120,36.5,0.0
قهوجيات,2,27,5.5,0.0
قهوجي وصبابين جدة,25,193,116.4,0.0
قهوجيات ابها,1,2,3.6,0.0
قهوجية,1,15,2.5,0.0
قهوجي مباشرين,2,2,3.8,0.0
قهوجي جده,7,89,16.6,0.0
قهوه مره,1,4,0.3,0.0
قهوه عربيه,3,17,3.6,0.0
كوفي قهوجي حي الفيحاء,1,1,0.6,0.0
قهوه هوس,1,1,11.4,0.0
قهوه,1,5,2.3,0.0
قهوه عربي,1,17,1.0,0.0
لوازم الافراح,1,1,2.6,0.0
كيان قهوة اليوم,1,2,1.7,0.0
لارت للضيافه,1,8,2.5,0.0
للضيافة,1,1,3.5,0.0
مباشرين,1,24,2.2,0.0
مباشرين رجال,1,2,6.6,0.0
مباشرين قهوة بجدة,1,2,4.1,0.0
مباشرات قهوة,6,16,16.7,0.0
مباشرين قهوة جدة,21,193,52.7,0.0
مباشرين قهوه,3,6,30.6,0.0
محل قهوه عربيه قريب من موقعي,1,1,1.2,0.0
مدهال للضيافة,1,2,3.3,0.0
مضيفات زواج,1,2,3.3,0.0
مضيفات مناسبات,1,6,3.7,0.0
مقهى قهوجي جدة,1,5,2.0,0.0
مقهى ومحمصة كِفة جدة,1,1,1.3,0.0
