searchTermView.searchTerm,clicks,impressions,cost_sar,ctr_pct
قهوجي جدة,1642,9482,5988.0,17.3
صبابين قهوة جدة,480,2521,1834.8,19.0
مباشرين قهوة جدة,405,2064,1722.3,19.6
قهوجي,361,10490,1710.6,3.4
صبابين قهوة,354,3250,1894.8,10.9
قهوجي في جده,272,3269,1844.0,8.3
مباشرين قهوة,260,4424,1538.7,5.9
قهوجي في جدة,208,1570,995.8,13.2
مباشرات قهوة بجدة,181,904,1272.7,20.0
قهوجي جده,172,2290,824.7,7.5
صبابين قهوة بجدة,126,864,479.8,14.6
قهوجيات جدة,106,708,450.6,15.0
قهوجيين,86,953,655.4,9.0
قهوجي وصبابين,83,1897,511.5,4.4
صبابات قهوة جدة,81,477,514.0,17.0
صبابات جدة,68,274,353.7,24.8
قهوجين,63,696,429.1,9.1
قهوجيه,59,489,280.6,12.1
مباشرين قهوه,53,516,399.9,10.3
صبابين قهوه,50,839,403.1,6.0
قهوجيين جده,48,1005,328.7,4.8
قهوجيين وصبابين,47,1190,322.2,3.9
قهوجي الرياض,46,1501,579.5,3.1
قهوجية جدة,44,178,241.0,24.7
مباشرات ضيافة جدة,43,262,204.4,16.4
مباشرات جدة,41,190,334.5,21.6
مباشرين قهوة بجدة,37,326,151.8,11.3
قهوجيين وصبابين جدة,36,194,233.9,18.6
مباشرين,34,282,304.9,12.1
صباب قهوة,27,323,267.3,8.4
ضيافة,27,507,265.1,5.3
مشروع ضيافة مناسبات,27,237,156.2,11.4
مباشرات,26,298,175.3,8.7
قهوجي وصبابين جدة,26,225,120.2,11.6
ضيافة للمناسبات,26,391,123.7,6.6
صبابين,25,316,272.2,7.9
قهوجي الفيحاء,24,194,195.2,12.4
قهوجين وصبابين,22,216,80.1,10.2
خدمة الضيافة للمناسبات,22,72,249.1,30.6
قهوجيين وصبابين في الرياض,20,163,187.0,12.3
مباشرات ضيافه,19,176,74.3,10.8
صبابات قهوة,19,221,137.5,8.6
قهوجيات,18,283,104.5,6.4
قهوجيين جدة,17,250,83.8,6.8
قهوجي وصباب,16,218,256.0,7.3
تجهيز حفلات,16,335,52.2,4.8
مباشرات قهوة,16,76,57.4,21.1
محمصة قهوة,16,118,80.1,13.6
ضيافة زواجات جدة,16,169,45.5,9.5
صبابات,15,168,76.9,8.9
مباشرات ضيافة مكة,15,131,57.0,11.5
صبابات قهوة الشيوخ,15,92,108.9,16.3
صبابات قهوه,14,69,56.7,20.3
صبابات قهوة بجدة,14,154,24.0,9.1
مباشرين رجال,14,73,95.7,19.2
مباشرات ضيافة,14,117,53.4,12.0
قهوجية,13,353,64.3,3.7
مباشرين قهوة مكة,13,78,90.1,16.7
قهوجي الخبر,12,1441,123.7,0.8
قهوجي الدمام,12,432,121.9,2.8
قهوجي جده رجال قهوجيات نساء مباشرات ومباشرين,11,78,138.8,14.1
شركات الضيافة في السعودية,11,112,69.4,9.8
تجهيز حفلات زواج,11,49,34.1,22.4
عاملات ضيافة جدة,10,40,68.7,25.0
عاملات ضيافه,10,65,54.6,15.4
ضيافة زواجات انستقرام جدة,10,142,48.0,7.0
ضيافة زواجات,10,139,29.0,7.2
قهوجي في,9,52,1.0,17.3
صبابين قهوة رجال,9,40,114.2,22.5
شركة الضيافة السعودية,9,111,188.0,8.1
قهوجيين في جدة,8,323,42.0,2.5
ضيافة جدة,8,54,34.2,14.8
صبابين زمزم,8,31,18.0,25.8
تنظيم حفلات زواج,8,72,26.2,11.1
قهوجيات بجده,8,52,43.4,15.4
قهوجي وصبابين بالرياض,7,306,70.9,2.3
قهوجي مكه,7,167,9.8,4.2
ضيافة قهوة رجال,7,104,49.8,6.7
صبابين قهوة في جدة,7,12,13.4,58.3
مباشرات مكة,7,26,17.2,26.9
قهوجيين صبابين,7,23,77.8,30.4
متجر قهوة,7,59,52.9,11.9
عاملة ضيافة,7,22,34.3,31.8
عاملة ضيافة بالساعة,7,34,72.7,20.6
شركة الضيافة,7,148,20.7,4.7
صبابات قهوه جده,7,69,63.9,10.1
قهوجيات الرياض,6,32,102.6,18.8
قهوجيين وصبابين بالرياض,6,106,72.7,5.7
ضيافة رجال جدة,6,18,22.7,33.3
تقديمات ضيافة زواج,6,84,16.8,7.1
قهوجي مكة,6,153,22.5,3.9
مطعم الضيافه,6,44,6.2,13.6
صبابين قهوة الرياض,6,85,58.6,7.1
القهوجي,6,192,24.5,3.1
القهوجي قدم الدله واقهويهم,6,51,3.2,11.8
قهوجيه جده,6,56,32.2,10.7
مباشرين قهوة قهوجيين صبابين قهوة,6,26,76.1,23.1
صبابات جده,6,56,39.3,10.7
مباشرات قهوه,6,47,29.0,12.8
صباب قهوه,6,89,55.6,6.7
ضيافة رجالية,5,44,22.0,11.4
قهوجي وصبابين قهوة,5,93,17.6,5.4
ضيافة رجال,5,68,35.4,7.4
خدمات ضيافة,5,30,26.0,16.7
قهوجيين وصبابين في الشرقية,5,128,25.7,3.9
شركة ضيافة,5,65,27.0,7.7
قهوجيه في جدة,5,31,33.8,16.1
انتكه للضيافه,5,12,75.7,41.7
ارقام مباشرات في جدة,5,30,26.3,16.7
قهوجي شمال الرياض,5,212,29.8,2.4
مباشرين رجال في جدة,5,10,40.7,50.0
قهوة بالجملة,5,15,16.7,33.3
قهوجيين الرياض,5,115,55.9,4.3
صبابين قهوة بالرياض,5,82,99.0,6.1
تجهيز مناسبات,5,73,9.0,6.8
شركات ضيافه,5,11,11.7,45.5
شركات الضيافة,5,20,29.1,25.0
قهوجي جدة قهوجيات مباشرين صبابين,5,10,35.0,50.0
قهوجيه مكه,4,26,12.1,15.4
شركات تقديم الضيافة,4,15,22.8,26.7
صباب قهوة عربية,4,20,40.1,20.0
ارقام صبابات بالرياض رخيصة,4,22,70.6,18.2
قهوجي في الرياض,4,112,57.6,3.6
شركات ضيافة,4,41,29.2,9.8
عاملات ضيافة,4,22,38.3,18.2
قهوجي جدة المرجان,4,48,23.5,8.3
صبابات قهوة الاحساء,4,13,9.3,30.8
ضيافة زواج,4,115,17.8,3.5
تجهيز الحفلات,4,25,7.1,16.0
مباشرين قهوة جده,4,25,15.2,16.0
ضيافة زواج رجال,4,51,5.5,7.8
صبابين القهوة,4,38,11.4,10.5
مباشرات ضيافه جده,4,51,19.8,7.8
تجهيز عزاء,4,24,22.0,16.7
قهوجيين وصبابين الدمام,4,12,4.9,33.3
ضيافة مكة,4,25,25.6,16.0
خدمة ضيافة,4,39,34.0,10.3
منسقة حفلات,4,28,6.9,14.3
يا قهوجي باشا,4,208,0.6,1.9
الضيافه الوزيريه,3,14,1.1,21.4
كيف الضيافة,3,18,25.1,16.7
الضيافه,3,227,21.1,1.3
قهوجيات الطائف,3,22,8.7,13.6
قهوجيين جدة قهوجيات جدة,3,53,16.6,5.7
سقيا زمزم,3,56,69.0,5.4
قهوة القهوة,3,20,2.2,15.0
مباشرات في جدة,3,23,10.3,13.0
عاملات ضيافة بالساعة,3,7,46.7,42.9
سيرفس قهوه,3,40,32.4,7.5
صبابين قهوه حائل,3,23,4.8,13.0
بيت الضيافة,3,78,15.2,3.8
خدمة ضيافة نسائية,3,8,9.9,37.5
للضيافة,3,9,9.3,33.3
خدمة ضيافة شاي وقهوه,3,10,12.8,30.0
صبابين قهوه بجده,3,30,3.6,10.0
خدمة شاي وقهوة,3,24,0.7,12.5
الضيافة السعودية,3,135,3.0,2.2
قهوجي قهوجين وصبابين قهوجيات وصبابات,3,28,18.5,10.7
قهوجي خميس مشيط,3,12,10.2,25.0
قهوجي وصبابين الدمام,3,19,9.9,15.8
كافيه قهوجي جدة,3,25,14.8,12.0
gahwaji قهوجي جدة,3,33,30.4,9.1
يا صبابين الشاي,3,143,0.4,2.1
تجهيز حفلة,3,12,1.8,25.0
مشروع ضيافه,3,14,8.1,21.4
وظيفة قهوجي,3,11,39.0,27.3
ارقام مباشرين قهوة,3,4,23.5,75.0
قهوه عربيه,3,17,3.6,17.6
ضيافة المسرات,3,17,59.7,17.6
شركة ضيافة للمناسبات,3,16,15.0,18.8
مباشرين قهوة في المدينة,3,26,11.3,11.5
قهوجي وصبابين قهوة بالرياض وتاجير لوازم الافراح,3,413,39.7,0.7
تنسيق افراح,3,15,61.2,20.0
رقم قهوجي,3,26,6.3,11.5
سوق القهوة,3,33,28.9,9.1
قهوجيين الخبر,3,355,10.1,0.8
قهوجيات في جده,3,26,30.4,11.5
قهوجية ومباشرين في جدة,3,63,16.0,4.8
مباشرات زواج,3,15,8.4,20.0
ضيافة السعودية,2,42,3.4,4.8
خدمات قهوه,2,4,5.2,50.0
صبابات قهوة الرياض,2,18,20.2,11.1
ضيافة الزواجات,2,45,4.2,4.4
ضيافات زواج,2,6,0.5,33.3
catering services jeddah,2,7,6.2,28.6
ضيافات زواجات,2,17,1.4,11.8
خدمة الضيافة,2,15,20.2,13.3
شركة الضيافة الجديدة لخدمات المعتمرين,2,14,39.2,14.3
قهوجيات الدمام,2,76,28.6,2.6
قهوجي صبابين قهوة بجده,2,31,4.8,6.5
قهوجي الرمال,2,19,0.1,10.5
قهوجي ومضيف جده,2,1,0.0,200.0
قهوجي سعودي,2,31,5.9,6.5
قهوجي المزاحميه,2,12,0.1,16.7
ضيافة المناسبات,2,27,2.2,7.4
تنسيق حفلات جدة,2,28,22.8,7.1
coffee near me,2,12,5.0,16.7
عبير قهوجي,2,93,6.0,2.2
قهوجي ابحر,2,12,3.5,16.7
بكج ضيافة زواج,2,23,6.0,8.7
